City_ID,City,Country,Date,Lat,Lng,Max Temp,Humidity,Cloudiness,Wind Speed,Current Description
0,Bartica,GY,2021-11-06 16:54:13,6.4,-58.6167,77.32,92,100,4.38,moderate rain
1,Adrar,MR,2021-11-06 16:54:13,20.5022,-10.0711,86.76,18,12,9.57,few clouds
2,Iranshahr,IR,2021-11-06 16:54:14,27.2025,60.6848,79.14,24,0,0.0,clear sky
3,Rikitea,PF,2021-11-06 16:54:14,-23.1203,-134.9692,75.18,81,100,16.49,overcast clouds
4,Atuona,PF,2021-11-06 16:54:15,-9.8,-139.0333,77.99,75,39,16.87,scattered clouds
5,Busselton,AU,2021-11-06 16:54:15,-33.65,115.3333,46.09,82,0,10.04,clear sky
6,Porvoo,FI,2021-11-06 16:54:16,60.3923,25.6651,39.24,82,64,11.48,broken clouds
7,Bambous Virieux,MU,2021-11-06 16:54:17,-20.3428,57.7575,76.21,83,40,11.5,scattered clouds
8,Ushuaia,AR,2021-11-06 16:49:35,-54.8,-68.3,49.66,50,75,16.11,broken clouds
9,Albany,US,2021-11-06 16:45:51,42.6001,-73.9662,50.81,60,16,1.97,few clouds
10,Tuktoyaktuk,CA,2021-11-06 16:54:18,69.4541,-133.0374,21.2,79,90,13.8,overcast clouds
11,Torbay,CA,2021-11-06 16:54:18,47.6666,-52.7314,41.29,79,75,17.27,light rain
12,New Norfolk,AU,2021-11-06 16:54:19,-42.7826,147.0587,54.9,61,84,1.99,broken clouds
13,Port Augusta,AU,2021-11-06 16:54:20,-32.5,137.7667,61.7,77,100,14.72,overcast clouds
14,Punta Arenas,CL,2021-11-06 16:50:05,-53.15,-70.9167,53.71,62,75,6.91,broken clouds
15,Bud,US,2021-11-06 16:54:20,39.447,-86.1758,54.84,50,8,5.01,clear sky
16,Mataura,NZ,2021-11-06 16:49:30,-46.1927,168.8643,50.49,98,66,0.89,broken clouds
17,Luderitz,NA,2021-11-06 16:54:21,-26.6481,15.1594,65.52,61,100,25.41,overcast clouds
18,Bluff,NZ,2021-11-06 16:54:22,-46.6,168.3333,50.81,86,78,4.03,broken clouds
19,Kapaa,US,2021-11-06 16:49:48,22.0752,-159.319,75.52,80,90,1.01,light rain
20,East London,ZA,2021-11-06 16:54:22,-33.0153,27.9116,68.94,68,40,9.22,scattered clouds
21,Jamestown,US,2021-11-06 16:53:35,42.097,-79.2353,50.52,50,1,5.99,clear sky
22,Kodiak,US,2021-11-06 16:54:23,57.79,-152.4072,31.75,75,56,11.56,broken clouds
23,Mar Del Plata,AR,2021-11-06 16:54:24,-38.0023,-57.5575,55.42,79,75,8.99,broken clouds
24,Worland,US,2021-11-06 16:54:24,44.0169,-107.9554,60.67,33,99,10.8,overcast clouds
25,Cape Town,ZA,2021-11-06 16:49:45,-33.9258,18.4232,64.81,57,20,1.99,few clouds
26,Teseney,ER,2021-11-06 16:54:25,15.11,36.6575,89.64,22,10,8.39,clear sky
27,Port Alfred,ZA,2021-11-06 16:49:40,-33.5906,26.891,63.36,81,100,4.94,overcast clouds
28,Port Elizabeth,ZA,2021-11-06 16:54:26,-33.918,25.5701,64.09,82,90,8.05,overcast clouds
29,Gamba,GA,2021-11-06 16:54:26,-2.65,10.0,78.51,85,92,8.59,overcast clouds
30,Beira,MZ,2021-11-06 16:54:27,-19.8436,34.8389,80.69,78,0,8.99,clear sky
31,Hobart,AU,2021-11-06 16:52:13,-42.8794,147.3294,55.26,70,90,3.0,overcast clouds
32,Chuy,UY,2021-11-06 16:54:27,-33.6971,-53.4616,66.81,53,97,14.43,overcast clouds
33,Yulara,AU,2021-11-06 16:54:28,-25.2406,130.9889,69.64,83,90,3.44,overcast clouds
34,Yellowknife,CA,2021-11-06 16:51:09,62.456,-114.3525,30.42,99,75,6.91,broken clouds
35,Camacha,PT,2021-11-06 16:54:29,33.0833,-16.3333,65.62,60,75,14.97,broken clouds
36,Mananjary,MG,2021-11-06 16:54:29,-21.2167,48.3333,72.81,88,96,1.72,light rain
37,Saldanha,ZA,2021-11-06 16:54:30,-33.0117,17.9442,64.45,69,99,17.83,overcast clouds
38,Saint-Leu,RE,2021-11-06 16:54:30,-21.15,55.2833,74.26,94,7,10.47,clear sky
39,Qaanaaq,GL,2021-11-06 16:54:31,77.484,-69.3632,8.22,72,99,7.92,overcast clouds
40,Saskylakh,RU,2021-11-06 16:54:32,71.9167,114.0833,7.54,90,100,15.3,overcast clouds
41,Guerrero,MX,2021-11-06 16:54:32,17.6667,-100.0,74.59,59,87,4.85,overcast clouds
42,Huarmey,PE,2021-11-06 16:54:33,-10.0681,-78.1522,70.3,74,66,12.1,broken clouds
43,Puerto Ayora,EC,2021-11-06 16:54:33,-0.7393,-90.3518,76.96,70,70,10.94,broken clouds
44,Susanville,US,2021-11-06 16:50:57,40.4163,-120.653,49.08,67,1,9.22,clear sky
45,Cabo San Lucas,MX,2021-11-06 16:54:34,22.8909,-109.9124,85.51,53,58,1.66,broken clouds
46,Zaysan,KZ,2021-11-06 16:54:35,47.4667,84.8667,11.5,84,72,2.8,broken clouds
47,Geraldton,AU,2021-11-06 16:54:35,-28.7667,114.6,61.21,72,23,14.97,few clouds
48,Lebu,CL,2021-11-06 16:54:36,-37.6167,-73.65,58.39,76,44,12.06,scattered clouds
49,Nagua,DO,2021-11-06 16:54:36,19.3832,-69.8474,89.46,70,20,11.5,few clouds
50,Xucheng,CN,2021-11-06 16:54:37,20.35,110.1288,74.1,86,7,9.51,light rain
51,Fortuna,US,2021-11-06 16:54:38,40.5982,-124.1573,51.66,71,90,1.01,overcast clouds
52,Cap Malheureux,MU,2021-11-06 16:54:38,-19.9842,57.6142,76.46,76,30,5.01,scattered clouds
53,Oriximina,BR,2021-11-06 16:54:39,-1.7656,-55.8661,88.84,53,86,4.72,overcast clouds
54,Hithadhoo,MV,2021-11-06 16:54:40,-0.6,73.0833,82.4,75,100,13.24,overcast clouds
55,Hermanus,ZA,2021-11-06 16:54:41,-34.4187,19.2345,62.91,63,62,8.23,broken clouds
56,Nikolskoye,RU,2021-11-06 16:54:41,59.7035,30.7861,39.87,90,63,6.26,broken clouds
57,Urucui,BR,2021-11-06 16:54:42,-7.2294,-44.5561,90.54,49,76,4.14,broken clouds
58,Port Hedland,AU,2021-11-06 16:54:42,-20.3167,118.5667,78.85,83,12,10.36,few clouds
59,Frasin,RO,2021-11-06 16:54:42,47.5333,25.8,44.26,85,100,1.21,overcast clouds
60,Batagay-Alyta,RU,2021-11-06 16:54:43,67.8006,130.4114,-8.39,80,100,7.29,overcast clouds
61,Lima,PE,2021-11-06 16:50:00,-12.0432,-77.0282,65.14,77,90,5.75,overcast clouds
62,Carnarvon,AU,2021-11-06 16:54:44,-24.8667,113.6333,64.47,77,40,21.85,scattered clouds
63,Nanortalik,GL,2021-11-06 16:54:15,60.1432,-45.2371,33.94,82,100,9.15,overcast clouds
64,Alofi,NU,2021-11-06 16:54:44,-19.0595,-169.9187,73.29,94,53,8.05,light rain
65,Klaksvik,FO,2021-11-06 16:49:35,62.2266,-6.589,49.12,98,100,27.09,overcast clouds
66,Avarua,CK,2021-11-06 16:54:45,-21.2078,-159.775,73.45,73,40,5.75,scattered clouds
67,Nhulunbuy,AU,2021-11-06 16:54:46,-12.2333,136.7667,81.21,83,21,4.61,few clouds
68,Ancud,CL,2021-11-06 16:54:46,-41.8697,-73.8203,60.33,65,4,9.48,clear sky
69,Ginda,IN,2021-11-06 16:54:47,30.6945,78.4932,49.05,44,16,6.85,few clouds
70,Arrecife,ES,2021-11-06 16:54:47,28.963,-13.5477,71.67,53,20,24.16,few clouds
71,Tuatapere,NZ,2021-11-06 16:50:09,-46.1333,167.6833,50.83,93,66,1.14,broken clouds
72,Topolobampo,MX,2021-11-06 16:54:48,25.6,-109.05,82.06,39,83,1.72,broken clouds
73,Ostrovnoy,RU,2021-11-06 16:54:49,68.0531,39.5131,35.35,100,100,14.07,overcast clouds
74,Rundu,NA,2021-11-06 16:54:50,-17.9333,19.7667,85.86,28,91,2.91,overcast clouds
75,Vila Velha,BR,2021-11-06 16:53:51,-20.3297,-40.2925,78.75,69,75,5.99,broken clouds
76,Dikson,RU,2021-11-06 16:54:27,73.5069,80.5464,15.91,92,100,15.48,overcast clouds
77,Oussouye,SN,2021-11-06 16:54:51,12.485,-16.5469,96.98,46,37,8.7,scattered clouds
78,Ponta Do Sol,PT,2021-11-06 16:54:51,32.6667,-17.1,71.13,48,15,6.78,few clouds
79,Evensk,RU,2021-11-06 16:54:52,61.95,159.2333,30.99,96,100,8.55,light snow
80,Kropotkin,RU,2021-11-06 16:54:52,45.4375,40.5756,56.05,70,89,4.43,overcast clouds
81,Airai,TL,2021-11-06 16:54:53,-8.9266,125.4092,63.05,92,44,0.98,scattered clouds
82,Okhotsk,RU,2021-11-06 16:54:53,59.3833,143.3,19.83,95,100,22.95,snow
83,Vestmannaeyjar,IS,2021-11-06 16:54:54,63.4427,-20.2734,40.19,87,90,18.41,overcast clouds
84,Aykhal,RU,2021-11-06 16:54:54,66.0,111.5,-10.57,100,91,6.31,overcast clouds
85,Flin Flon,CA,2021-11-06 16:54:55,54.7682,-101.865,37.24,93,90,4.61,overcast clouds
86,Bicas,BR,2021-11-06 16:54:55,-21.7253,-43.0594,79.84,56,96,3.69,overcast clouds
87,Miyoshi,JP,2021-11-06 16:54:56,35.0833,137.0667,64.62,85,100,3.11,overcast clouds
88,Kavieng,PG,2021-11-06 16:54:56,-2.5744,150.7967,83.23,74,74,16.08,broken clouds
89,Barrow,US,2021-11-06 16:50:44,71.2906,-156.7887,12.22,85,40,12.66,scattered clouds
90,San Cristobal,VE,2021-11-06 16:54:57,7.7669,-72.225,82.58,44,53,9.06,broken clouds
91,Zaton,RU,2021-11-06 16:54:58,53.2936,83.8072,26.19,80,75,11.18,light snow
92,Christchurch,NZ,2021-11-06 16:50:06,-43.5333,172.6333,54.91,88,90,3.0,overcast clouds
93,Te Anau,NZ,2021-11-06 16:54:58,-45.4167,167.7167,44.2,89,54,0.49,broken clouds
94,Namtsy,RU,2021-11-06 16:54:59,62.7161,129.6658,-9.29,99,97,2.1,overcast clouds
95,Nantucket,US,2021-11-06 16:54:59,41.2835,-70.0995,53.04,60,39,1.59,scattered clouds
96,Hasaki,JP,2021-11-06 16:55:00,35.7333,140.8333,55.8,62,100,9.35,light rain
97,Souillac,MU,2021-11-06 16:55:00,-20.5167,57.5167,76.35,83,40,11.5,scattered clouds
98,Tiksi,RU,2021-11-06 16:55:01,71.6872,128.8694,-4.72,93,72,12.57,broken clouds
99,Hervey Bay,AU,2021-11-06 16:51:53,-25.2986,152.8535,72.03,80,57,9.13,broken clouds
100,Pedernales,DO,2021-11-06 16:55:02,18.0384,-71.744,85.96,60,15,1.92,few clouds
101,Butaritari,KI,2021-11-06 16:55:03,3.0707,172.7902,81.79,71,100,14.97,overcast clouds
102,Tasiilaq,GL,2021-11-06 16:49:41,65.6145,-37.6368,26.76,70,76,7.36,broken clouds
103,Mecca,SA,2021-11-06 16:55:04,21.4267,39.8261,81.32,56,0,4.61,clear sky
104,Castro,BR,2021-11-06 16:55:05,-24.7911,-50.0119,76.82,69,54,4.47,broken clouds
105,Espanola,US,2021-11-06 16:55:06,35.9911,-106.0806,71.64,19,16,0.51,few clouds
106,Miri,MY,2021-11-06 16:55:07,4.4148,114.0089,78.94,100,40,3.44,scattered clouds
107,Saint-Francois,FR,2021-11-06 16:55:07,46.4154,3.9054,45.84,77,0,5.75,clear sky
108,Hof,DE,2021-11-06 16:55:08,50.3167,11.9167,42.03,88,75,5.75,broken clouds
109,Severo-Kurilsk,RU,2021-11-06 16:55:08,50.6789,156.125,34.97,75,7,1.66,clear sky
110,Luanda,AO,2021-11-06 16:55:09,-8.8368,13.2343,78.8,83,75,5.75,broken clouds
111,Ouesso,CG,2021-11-06 16:55:10,1.6136,16.0517,73.38,95,98,3.58,light rain
112,San Patricio,US,2021-11-06 16:55:10,28.017,-97.5169,69.78,47,0,5.84,clear sky
113,Marystown,CA,2021-11-06 16:55:11,47.1666,-55.1483,43.86,100,11,11.99,few clouds
114,Mogadishu,SO,2021-11-06 16:51:16,2.0371,45.3438,79.54,76,38,14.0,scattered clouds
115,Hilo,US,2021-11-06 16:51:56,19.7297,-155.09,76.28,72,1,8.05,clear sky
116,Necochea,AR,2021-11-06 16:55:12,-38.5473,-58.7368,62.04,42,78,11.9,broken clouds
117,Lompoc,US,2021-11-06 16:55:12,34.6391,-120.4579,59.92,84,90,3.44,mist
118,Bathsheba,BB,2021-11-06 16:55:13,13.2167,-59.5167,86.61,66,40,20.71,scattered clouds
119,Dingle,PH,2021-11-06 16:55:13,10.9995,122.6711,76.96,92,99,5.75,moderate rain
120,Santa Cruz,BO,2021-11-06 16:53:13,-17.8,-63.1667,71.65,53,75,13.8,broken clouds
121,Otradnoye,RU,2021-11-06 16:55:14,59.7775,30.8181,40.03,89,66,6.35,broken clouds
122,Zabaykalsk,RU,2021-11-06 16:55:14,49.6333,117.3167,14.81,43,0,8.05,clear sky
123,Isangel,VU,2021-11-06 16:55:15,-19.55,169.2667,72.05,85,100,8.16,overcast clouds
124,Mormugao,IN,2021-11-06 16:55:16,15.4,73.8,79.86,89,75,3.44,broken clouds
125,Bredasdorp,ZA,2021-11-06 16:49:37,-34.5322,20.0403,61.92,51,94,9.22,overcast clouds
126,Finschhafen,PG,2021-11-06 16:55:16,-6.6024,147.8681,78.1,79,20,1.57,few clouds
127,Saint-Philippe,RE,2021-11-06 16:55:17,-21.3585,55.7679,74.79,79,47,8.68,scattered clouds
128,Ribeira Grande,PT,2021-11-06 16:55:17,38.5167,-28.7,72.0,83,40,21.85,scattered clouds
129,Jatai,BR,2021-11-06 16:55:18,-17.8814,-51.7144,91.78,33,66,4.36,broken clouds
130,Ponta Delgada,PT,2021-11-06 16:55:19,37.7333,-25.6667,70.52,73,20,19.57,few clouds
131,Pangoa,PE,2021-11-06 16:55:19,-12.1167,-73.0,76.75,92,86,3.13,overcast clouds
132,Chicama,PE,2021-11-06 16:55:20,-7.8447,-79.1469,64.94,61,99,10.38,overcast clouds
133,Walvis Bay,NA,2021-11-06 16:55:20,-22.9575,14.5053,72.55,49,54,18.41,broken clouds
134,Kerema,PG,2021-11-06 16:55:21,-7.9631,145.7785,78.26,89,24,2.28,few clouds
135,Kargil,IN,2021-11-06 16:55:22,34.5667,76.1,22.19,70,7,3.38,clear sky
136,Nanma,CN,2021-11-06 16:55:22,36.1817,118.1583,56.79,95,97,8.75,overcast clouds
137,Constitucion,CL,2021-11-06 16:55:23,-35.3333,-72.4167,59.85,60,44,6.6,scattered clouds
138,Show Low,US,2021-11-06 16:53:56,34.2542,-110.0298,68.72,25,1,13.8,clear sky
139,Hambantota,LK,2021-11-06 16:55:23,6.1241,81.1185,79.63,79,100,13.71,moderate rain
140,Porteirinha,BR,2021-11-06 16:55:24,-15.7433,-43.0283,86.45,50,77,2.19,broken clouds
141,Riyadh,SA,2021-11-06 16:49:18,24.6877,46.7219,78.94,25,0,7.67,clear sky
142,Portland,US,2021-11-06 16:54:21,45.5234,-122.6762,50.09,88,90,3.0,overcast clouds
143,Puerto Colombia,CO,2021-11-06 16:55:25,10.9878,-74.9547,87.89,67,77,1.88,broken clouds
144,Vitre,FR,2021-11-06 16:55:26,48.1178,-1.2058,49.08,79,99,6.53,overcast clouds
145,Sabancuy,MX,2021-11-06 16:55:27,18.9667,-91.1833,80.08,57,83,10.74,broken clouds
146,Olafsvik,IS,2021-11-06 16:55:27,64.8945,-23.7142,35.38,89,100,22.17,light rain
147,Srednekolymsk,RU,2021-11-06 16:51:04,67.45,153.6833,4.5,89,100,4.16,overcast clouds
148,Zlobin,HR,2021-11-06 16:55:28,45.2924,14.6541,45.7,58,0,4.61,clear sky
149,Kaitangata,NZ,2021-11-06 16:54:20,-46.2817,169.8464,45.93,80,81,3.27,broken clouds
150,Ulladulla,AU,2021-11-06 16:55:29,-35.35,150.4667,67.1,88,72,4.61,light rain
151,Berlevag,NO,2021-11-06 16:55:29,70.8578,29.0864,34.02,64,100,21.12,overcast clouds
152,Murgab,TM,2021-11-06 16:55:30,37.4966,61.9714,37.27,60,40,0.0,scattered clouds
153,Kieta,PG,2021-11-06 16:55:30,-6.2167,155.6333,79.34,80,82,4.38,broken clouds
154,Upata,VE,2021-11-06 16:55:31,8.0086,-62.3989,81.55,65,99,6.96,overcast clouds
155,Aksarka,RU,2021-11-06 16:55:31,66.5606,67.7975,33.62,98,100,17.11,overcast clouds
156,Bitung,ID,2021-11-06 16:55:32,1.4451,125.1824,76.05,82,77,5.68,broken clouds
157,Zhob,PK,2021-11-06 16:55:32,31.3411,69.4481,60.04,36,27,3.11,scattered clouds
158,Formosa,AR,2021-11-06 16:55:33,-26.1775,-58.1781,73.36,71,100,8.93,overcast clouds
159,Pacific Grove,US,2021-11-06 16:55:33,36.6177,-121.9166,60.57,81,100,1.01,overcast clouds
160,Boralday,KZ,2021-11-06 16:55:34,43.3578,76.8594,17.46,79,9,4.47,mist
161,Udachnyy,RU,2021-11-06 16:55:34,66.4167,112.4,-8.01,96,98,5.41,overcast clouds
162,Antofagasta,CL,2021-11-06 16:49:43,-23.65,-70.4,63.68,66,10,9.84,clear sky
163,Touros,BR,2021-11-06 16:53:12,-5.1989,-35.4608,88.7,62,96,13.47,overcast clouds
164,Chokurdakh,RU,2021-11-06 16:55:35,70.6333,147.9167,4.87,95,100,8.34,overcast clouds
165,Alice Springs,AU,2021-11-06 16:55:36,-23.7,133.8833,69.35,94,90,4.61,overcast clouds
166,Cherskiy,RU,2021-11-06 16:55:36,68.75,161.3,1.44,83,72,10.56,broken clouds
167,Vila Do Maio,CV,2021-11-06 16:55:37,15.1333,-23.2167,86.79,69,33,12.91,scattered clouds
168,Usinsk,RU,2021-11-06 16:55:37,65.9939,57.5281,36.05,100,100,18.72,overcast clouds
169,Talcahuano,CL,2021-11-06 16:55:38,-36.7167,-73.1167,55.08,88,90,5.75,overcast clouds
170,Tuyen Quang,VN,2021-11-06 16:55:39,21.8233,105.2181,75.78,93,96,2.89,overcast clouds
171,Ambilobe,MG,2021-11-06 16:55:39,-13.2,49.05,77.59,81,63,2.98,broken clouds
172,Tambacounda,SN,2021-11-06 16:55:40,13.7539,-13.7586,104.05,31,20,2.3,few clouds
173,Guerrero Negro,MX,2021-11-06 16:55:40,27.9769,-114.0611,71.69,62,3,4.85,clear sky
174,Mahanje,TZ,2021-11-06 16:55:41,-9.9333,35.3333,79.95,28,46,5.41,scattered clouds
175,Barbosa Ferraz,BR,2021-11-06 16:55:41,-24.03,-52.0117,86.29,44,38,5.48,scattered clouds
176,Gijon,ES,2021-11-06 16:53:26,43.5357,-5.6615,55.0,74,15,1.99,few clouds
177,Bonavista,CA,2021-11-06 16:55:42,48.6499,-53.1147,42.12,65,72,22.26,broken clouds
178,Mahebourg,MU,2021-11-06 16:55:43,-20.4081,57.7,76.24,83,40,11.5,scattered clouds
179,Tura,IN,2021-11-06 16:55:43,25.5198,90.2201,63.1,87,11,3.85,few clouds
180,Gazli,UZ,2021-11-06 16:55:44,40.1333,63.45,40.57,21,0,8.1,clear sky
181,Gambela,ET,2021-11-06 16:55:44,8.25,34.5833,77.56,65,23,3.15,light rain
182,Kamenka,RU,2021-11-06 16:55:45,51.3223,42.7678,47.57,83,100,14.18,light rain
183,Asau,RO,2021-11-06 16:55:45,46.4333,26.4,49.95,56,100,0.67,overcast clouds
184,Waitati,NZ,2021-11-06 16:55:46,-45.75,170.5667,52.81,81,90,7.45,overcast clouds
185,Cidreira,BR,2021-11-06 16:55:46,-30.1811,-50.2056,70.61,82,86,12.03,overcast clouds
186,Poum,NC,2021-11-06 16:54:29,-20.2333,164.0167,73.51,67,88,5.59,overcast clouds
187,Vila,PT,2021-11-06 16:55:47,42.0304,-8.1588,49.08,67,1,3.8,clear sky
188,Ostersund,SE,2021-11-06 16:52:28,63.1792,14.6357,35.62,86,40,13.8,scattered clouds
189,Poddorye,RU,2021-11-06 16:55:48,57.4695,31.1156,40.68,87,97,7.43,light rain
190,Turayf,SA,2021-11-06 16:55:49,31.6725,38.6637,70.05,37,0,9.22,clear sky
191,Tabatinga,BR,2021-11-06 16:55:49,-4.2525,-69.9381,87.89,70,20,4.61,few clouds
192,Havre-Saint-Pierre,CA,2021-11-06 16:55:50,50.2334,-63.5986,46.76,66,1,16.11,clear sky
193,Maragogi,BR,2021-11-06 16:53:16,-9.0122,-35.2225,84.43,68,28,16.24,scattered clouds
194,Kudahuvadhoo,MV,2021-11-06 16:55:51,2.6708,72.8944,82.72,74,89,13.31,overcast clouds
195,Leningradskiy,RU,2021-11-06 16:55:51,69.3833,178.4167,-12.28,88,2,5.41,clear sky
196,Bilibino,RU,2021-11-06 16:55:52,68.0546,166.4372,-7.26,90,90,3.4,overcast clouds
197,Jieshi,CN,2021-11-06 16:55:52,22.8134,115.8257,80.94,82,4,5.97,light rain
198,Narsaq,GL,2021-11-06 16:55:54,60.9167,-46.05,25.99,90,100,9.84,overcast clouds
199,Hamina,FI,2021-11-06 16:55:54,60.5697,27.1979,38.48,82,72,13.42,broken clouds
200,Gweta,BW,2021-11-06 16:55:55,-20.1833,25.2333,87.51,27,99,12.37,overcast clouds
201,Longyearbyen,SJ,2021-11-06 16:55:55,78.2186,15.6401,11.88,91,82,4.27,broken clouds
202,Kulhudhuffushi,MV,2021-11-06 16:55:56,6.6221,73.07,81.46,80,77,15.64,broken clouds
203,Bethel,US,2021-11-06 16:55:56,41.3712,-73.414,52.9,52,0,1.01,clear sky
204,Liwale,TZ,2021-11-06 16:55:57,-9.7667,37.9333,82.65,48,56,9.4,broken clouds
205,Sisimiut,GL,2021-11-06 16:55:58,66.9395,-53.6735,20.64,65,45,11.7,scattered clouds
206,Fenelon Falls,CA,2021-11-06 16:55:58,44.5334,-78.7496,49.57,55,58,10.09,broken clouds
207,Sorong,ID,2021-11-06 16:55:59,-0.8833,131.25,80.67,82,100,4.03,overcast clouds
208,Olawa,PL,2021-11-06 16:55:59,50.9466,17.2926,46.81,73,9,8.43,clear sky
209,Sola,VU,2021-11-06 16:55:59,-13.8833,167.55,80.13,75,93,9.86,overcast clouds
210,Gat,IL,2021-11-06 16:56:00,31.61,34.7642,77.68,55,47,4.81,scattered clouds
211,Santa Maria,BR,2021-11-06 16:53:44,-29.6842,-53.8069,72.7,68,90,8.05,overcast clouds
212,Ukiah,US,2021-11-06 16:56:01,39.1502,-123.2078,53.44,94,75,0.0,broken clouds
213,Wukari,NG,2021-11-06 16:56:02,7.85,9.7833,87.19,54,66,3.65,broken clouds
214,Acapulco,MX,2021-11-06 16:56:02,16.8634,-99.8901,83.52,66,91,2.95,overcast clouds
215,Hun,LY,2021-11-06 16:56:03,29.1268,15.9477,80.76,20,7,9.35,clear sky
216,Pathein,MM,2021-11-06 16:56:03,16.7833,94.7333,75.81,86,79,6.04,broken clouds
217,Chernyshevskiy,RU,2021-11-06 16:56:04,63.0128,112.4714,6.53,98,97,4.21,overcast clouds
218,Wakkanai,JP,2021-11-06 16:56:05,45.4094,141.6739,48.43,75,64,23.11,broken clouds
219,Yar-Sale,RU,2021-11-06 16:56:05,66.8333,70.8333,33.49,98,100,17.81,overcast clouds
220,Xinyang,CN,2021-11-06 16:56:06,32.1228,114.0656,53.33,63,100,15.28,light rain
221,Taksimo,RU,2021-11-06 16:56:06,56.3444,114.8794,8.24,83,100,0.78,overcast clouds
222,Najran,SA,2021-11-06 16:56:07,17.4924,44.1277,74.05,21,0,4.23,clear sky
223,Ust-Maya,RU,2021-11-06 16:56:07,60.4167,134.5333,-1.75,99,95,0.13,overcast clouds
224,Taitung,TW,2021-11-06 16:56:08,22.7583,121.1444,76.24,86,27,7.85,scattered clouds
225,Lisakovsk,KZ,2021-11-06 16:56:09,52.5369,62.4936,31.37,24,90,14.83,overcast clouds
226,Esperance,AU,2021-11-06 16:56:09,-33.8667,121.9,49.84,74,0,4.59,clear sky
227,Embonas,GR,2021-11-06 16:56:09,36.2269,27.8564,65.84,66,13,3.31,few clouds
228,Ilulissat,GL,2021-11-06 16:56:10,69.2167,-51.1,9.55,75,100,5.21,overcast clouds
229,Caruray,PH,2021-11-06 16:56:11,10.3094,119.0128,79.18,84,83,3.56,broken clouds
230,Potam,MX,2021-11-06 16:56:12,27.6,-110.3833,81.91,26,17,2.24,few clouds
231,Zheleznodorozhnyy,RU,2021-11-06 16:52:20,55.7503,38.0042,45.36,66,81,12.44,broken clouds
232,Hami,CN,2021-11-06 16:56:13,42.8,93.45,25.03,40,0,4.41,clear sky
233,Khash,IR,2021-11-06 16:56:13,28.2211,61.2158,58.82,25,91,5.68,overcast clouds
234,Vardo,NO,2021-11-06 16:56:14,70.3705,31.1107,35.06,62,100,25.05,overcast clouds
235,Chalus,IR,2021-11-06 16:56:14,36.655,51.4204,54.86,88,75,0.0,broken clouds
236,Meiganga,CM,2021-11-06 16:56:15,6.5167,14.3,72.54,77,76,5.97,light rain
237,Sitka,US,2021-11-06 16:56:15,57.0531,-135.33,40.8,90,100,9.17,light rain
238,Provideniya,RU,2021-11-06 16:56:16,64.3833,-173.3,7.88,81,6,6.49,clear sky
239,Twin Falls,US,2021-11-06 16:56:16,42.3505,-114.6445,44.31,35,94,2.17,overcast clouds
240,College,US,2021-11-06 16:56:17,64.8569,-147.8028,26.55,83,75,3.44,broken clouds
241,Sompeta,IN,2021-11-06 16:56:18,18.9333,84.6,74.89,72,68,3.87,broken clouds
242,Pimentel,PE,2021-11-06 16:56:18,-6.8367,-79.9342,73.69,56,0,14.97,clear sky
243,Mandurah,AU,2021-11-06 16:56:19,-32.55,115.7,55.17,74,0,14.2,clear sky
244,Kruisfontein,ZA,2021-11-06 16:49:38,-34.0033,24.7314,61.88,69,96,4.52,overcast clouds
245,Mayo,US,2021-11-06 16:56:19,38.8876,-76.5119,57.31,57,79,11.01,broken clouds
246,Caravelas,BR,2021-11-06 16:56:20,-17.7125,-39.2481,80.38,62,82,9.48,broken clouds
247,Slave Lake,CA,2021-11-06 16:56:20,55.2834,-114.769,35.58,64,1,12.66,clear sky
248,Vaini,TO,2021-11-06 16:49:49,-21.2,-175.2,75.36,88,20,5.75,few clouds
249,Platanos,GR,2021-11-06 16:56:21,37.6667,21.6167,71.56,59,100,2.86,overcast clouds
250,Iqaluit,CA,2021-11-06 16:56:22,63.7506,-68.5145,17.33,78,75,15.01,broken clouds
251,Kualakapuas,ID,2021-11-06 16:56:23,-3.0091,114.3876,78.96,91,89,2.53,overcast clouds
252,Norman Wells,CA,2021-11-06 16:49:51,65.282,-126.8329,21.24,93,75,3.44,broken clouds
253,Chingirlau,KZ,2021-11-06 16:56:23,51.095,54.0814,35.4,38,100,14.41,overcast clouds
254,Khromtau,KZ,2021-11-06 16:56:24,50.2503,58.4347,28.85,24,45,10.58,scattered clouds
255,Georgetown,MY,2021-11-06 16:53:32,5.4112,100.3354,80.53,89,40,5.99,scattered clouds
256,Port Hardy,CA,2021-11-06 16:56:24,50.6996,-127.4199,41.0,100,40,3.44,scattered clouds
257,Emerald,AU,2021-11-06 16:56:25,-23.5333,148.1667,73.54,73,40,10.36,scattered clouds
258,Idlib,SY,2021-11-06 16:56:26,35.9306,36.6339,68.65,33,0,0.98,clear sky
259,Katsuura,JP,2021-11-06 16:49:39,35.1333,140.3,59.18,74,100,10.83,overcast clouds
260,Vila Franca Do Campo,PT,2021-11-06 16:56:26,37.7167,-25.4333,70.21,74,49,15.03,scattered clouds
261,Warrnambool,AU,2021-11-06 16:56:27,-38.3833,142.4833,52.83,73,100,10.58,overcast clouds
262,Chino Valley,US,2021-11-06 16:56:27,34.7575,-112.4538,70.84,32,0,4.45,clear sky
263,Altay,CN,2021-11-06 16:56:28,47.8667,88.1167,11.48,56,76,6.73,broken clouds
264,Cajibio,CO,2021-11-06 16:56:29,2.6227,-76.5704,73.09,62,100,4.54,overcast clouds
265,Goma,CD,2021-11-06 16:56:29,-1.6792,29.2228,64.63,87,58,3.29,light rain
266,Parana,AR,2021-11-06 16:54:13,-31.732,-60.5238,73.56,44,28,8.3,scattered clouds
267,Nyurba,RU,2021-11-06 16:56:30,63.2842,118.3319,10.89,97,100,4.09,overcast clouds
268,Marzuq,YE,2021-11-06 16:56:31,14.4,46.4667,73.67,21,87,3.13,overcast clouds
269,Saint George,US,2021-11-06 16:56:31,37.1041,-113.5841,72.07,27,50,4.85,scattered clouds
270,Lagoa,PT,2021-11-06 16:56:32,39.05,-27.9833,68.23,83,100,27.87,overcast clouds
271,Khor,RU,2021-11-06 16:56:32,47.8861,134.9464,18.84,47,28,10.22,scattered clouds
272,Chulym,RU,2021-11-06 16:56:33,55.0997,80.9572,27.84,95,100,13.0,overcast clouds
273,Rach Gia,VN,2021-11-06 16:56:33,10.0167,105.0833,76.95,90,100,7.31,overcast clouds
274,Kahului,US,2021-11-06 16:49:46,20.8947,-156.47,78.84,71,20,12.66,few clouds
275,Kiri Buru,IN,2021-11-06 16:56:34,22.0833,85.35,62.71,61,4,0.49,clear sky
276,Wajima,JP,2021-11-06 16:56:35,37.4,136.9,59.29,66,52,12.17,broken clouds
277,Punta Alta,AR,2021-11-06 16:56:35,-38.8759,-62.0736,67.17,29,77,5.66,broken clouds
278,Arraial Do Cabo,BR,2021-11-06 16:56:36,-22.9661,-42.0278,76.96,60,20,13.8,few clouds
279,Zhigansk,RU,2021-11-06 16:56:36,66.7697,123.3711,-13.27,94,68,6.08,broken clouds
280,Pointe Michel,DM,2021-11-06 16:56:37,15.25,-61.3833,90.54,48,20,6.91,few clouds
281,Codrington,AU,2021-11-06 16:56:37,-38.2667,141.9667,51.93,73,100,9.57,overcast clouds
282,Clyde River,CA,2021-11-06 16:56:38,70.4692,-68.5914,19.63,79,75,6.91,broken clouds
283,Blind River,CA,2021-11-06 16:56:38,46.1834,-82.9582,48.45,65,100,13.51,overcast clouds
284,Tual,ID,2021-11-06 16:56:39,-5.6667,132.75,83.48,73,94,3.87,overcast clouds
285,Neuquen,AR,2021-11-06 16:53:56,-38.9516,-68.0591,67.89,30,0,13.8,clear sky
286,Port Lincoln,AU,2021-11-06 16:56:39,-34.7333,135.8667,55.69,61,100,7.58,overcast clouds
287,Biryusinsk,RU,2021-11-06 16:56:40,55.9634,97.8235,27.55,84,100,13.4,overcast clouds
288,Lasa,IT,2021-11-06 16:56:41,46.6166,10.7002,40.62,74,0,2.8,clear sky
289,Eureka,US,2021-11-06 16:56:41,40.8021,-124.1637,51.93,96,100,1.99,overcast clouds
290,Russell,US,2021-11-06 16:54:18,32.3502,-85.1999,56.48,39,1,13.8,clear sky
291,Korla,CN,2021-11-06 16:56:42,41.7597,86.1469,27.37,41,0,4.63,clear sky
292,Pendleton,US,2021-11-06 16:56:43,45.6721,-118.7886,48.67,86,100,2.55,overcast clouds
293,Samarai,PG,2021-11-06 16:56:43,-10.6167,150.6667,82.2,77,53,13.58,broken clouds
294,Shelburne,CA,2021-11-06 16:56:44,44.0787,-80.2041,48.65,61,80,13.24,broken clouds
295,Durban,ZA,2021-11-06 16:56:09,-29.8579,31.0292,72.52,93,55,8.01,broken clouds
296,Hanyang,CN,2021-11-06 16:56:44,32.1371,105.5126,37.72,44,100,32.88,overcast clouds
297,Margate,GB,2021-11-06 16:56:45,51.3813,1.3862,55.26,75,87,4.0,overcast clouds
298,Torquay,GB,2021-11-06 16:56:46,50.4638,-3.5143,55.85,86,30,5.01,scattered clouds
299,Fomboni,KM,2021-11-06 16:56:46,-12.28,43.7425,81.27,76,43,7.25,scattered clouds
300,Mehamn,NO,2021-11-06 16:56:47,71.0357,27.8492,33.08,62,100,17.9,overcast clouds
301,Ambikapur,IN,2021-11-06 16:56:47,23.1167,83.2,60.66,60,80,2.04,broken clouds
302,Aban,RU,2021-11-06 16:56:48,56.67,96.06,25.86,84,99,12.75,overcast clouds
303,Hamilton,US,2021-11-06 16:56:23,39.1834,-84.5333,57.07,48,2,3.0,clear sky
304,Vung Tau,VN,2021-11-06 16:56:49,10.346,107.0843,80.58,84,52,12.19,broken clouds
305,Thompson,CA,2021-11-06 16:56:49,55.7435,-97.8558,30.36,93,90,5.75,light snow
306,Santa Cruz Cabralia,BR,2021-11-06 16:56:50,-16.2781,-39.0247,80.83,69,20,8.05,few clouds
307,Salamanca,ES,2021-11-06 16:56:07,40.8333,-6.0,48.99,59,3,9.73,clear sky
308,Grindavik,IS,2021-11-06 16:56:50,63.8424,-22.4338,37.35,93,90,16.11,overcast clouds
309,Dunedin,NZ,2021-11-06 16:56:49,-45.8742,170.5036,52.81,81,88,7.0,overcast clouds
310,Naze,JP,2021-11-06 16:56:51,28.3667,129.4833,66.96,88,99,35.01,overcast clouds
311,Hammerfest,NO,2021-11-06 16:56:52,70.6634,23.6821,34.25,80,75,12.66,broken clouds
312,Abong Mbang,CM,2021-11-06 16:56:52,3.9833,13.1833,73.99,85,99,2.37,light rain
313,Nome,US,2021-11-06 16:56:53,64.5011,-165.4064,16.11,89,98,7.81,overcast clouds
314,Shelbyville,US,2021-11-06 16:56:53,35.4834,-86.4603,57.49,72,20,3.0,few clouds
315,Aquiraz,BR,2021-11-06 16:56:54,-3.9014,-38.3911,91.22,57,40,13.09,scattered clouds
316,Tshane,BW,2021-11-06 16:56:54,-24.0196,21.8684,90.39,11,33,8.72,scattered clouds
317,Roald,NO,2021-11-06 16:56:55,62.5833,6.1333,42.01,65,0,6.91,clear sky
318,Simi,SL,2021-11-06 16:56:56,9.5667,-12.35,88.74,68,18,2.08,few clouds
319,Giyani,ZA,2021-11-06 16:56:56,-23.3025,30.7187,85.57,35,55,4.61,broken clouds
320,Avon Park,US,2021-11-06 16:56:57,27.5959,-81.5062,68.05,83,67,15.41,broken clouds
321,Bichena,ET,2021-11-06 16:56:57,10.45,38.2,56.48,60,54,7.31,broken clouds
322,Auki,SB,2021-11-06 16:56:58,-8.7676,160.7034,78.64,79,27,4.12,scattered clouds
323,Beloha,MG,2021-11-06 16:56:58,-25.1667,45.05,69.64,69,98,16.98,overcast clouds
324,Rocha,UY,2021-11-06 16:56:59,-34.4833,-54.3333,65.88,55,100,14.2,overcast clouds
325,Plettenberg Bay,ZA,2021-11-06 16:56:59,-34.0527,23.3716,60.66,69,92,3.36,overcast clouds
326,Yerbogachen,RU,2021-11-06 16:57:00,61.2767,108.0108,14.86,95,98,6.55,overcast clouds
327,Yoro,HN,2021-11-06 16:57:00,15.1333,-87.1333,70.32,100,75,4.61,broken clouds
328,Veraval,IN,2021-11-06 16:57:01,20.9,70.3667,80.44,60,99,6.4,overcast clouds
329,Aleksandrovskoye,RU,2021-11-06 16:57:02,44.7142,43.0008,44.74,82,64,5.08,broken clouds
330,Ajaccio,FR,2021-11-06 16:57:03,42.0,8.9167,57.18,63,0,0.0,clear sky
331,Vaitape,PF,2021-11-06 16:57:03,-16.5167,-151.75,79.86,69,20,5.08,few clouds
332,Khatanga,RU,2021-11-06 16:57:04,71.9667,102.5,11.32,93,100,13.8,overcast clouds
333,Santo Antonio Do Ica,BR,2021-11-06 16:57:04,-3.1022,-67.9397,85.01,77,97,1.63,overcast clouds
334,Savannah Bight,HN,2021-11-06 16:57:05,16.45,-85.85,80.01,74,88,17.56,overcast clouds
335,Griffith,US,2021-11-06 16:57:06,41.5284,-87.4237,55.29,51,1,3.0,clear sky
336,Miramar,US,2021-11-06 16:57:06,25.9873,-80.2323,75.02,75,61,4.0,broken clouds
337,Stephenville Crossing,CA,2021-11-06 16:57:07,48.5,-58.4318,43.21,65,90,19.57,overcast clouds
338,Moen,NO,2021-11-06 16:57:07,69.1304,18.6123,35.67,100,90,0.0,light snow
339,Krasnogvardeyskiy,RU,2021-11-06 16:57:08,57.3793,62.3195,38.73,58,100,13.02,overcast clouds
340,Coquimbo,CL,2021-11-06 16:57:09,-29.9533,-71.3436,61.84,65,1,12.03,clear sky
341,Camargo,MX,2021-11-06 16:55:31,27.6667,-105.1667,72.1,35,42,5.77,scattered clouds
342,Buta,CD,2021-11-06 16:55:09,2.7858,24.73,75.47,85,81,4.21,light rain
343,Richards Bay,ZA,2021-11-06 16:57:09,-28.783,32.0377,70.45,93,53,7.16,light rain
344,Assiniboia,CA,2021-11-06 16:57:10,49.6334,-105.9845,44.51,56,69,6.91,broken clouds
345,Vanavara,RU,2021-11-06 16:57:11,60.34,102.2797,18.3,96,97,6.78,overcast clouds
346,Sao Jose Da Coroa Grande,BR,2021-11-06 16:57:11,-8.8978,-35.1478,84.47,68,20,15.64,few clouds
347,Saint-Joseph,RE,2021-11-06 16:57:12,-21.3667,55.6167,73.78,78,35,9.57,scattered clouds
348,Graham,US,2021-11-06 16:57:12,47.0529,-122.2943,44.28,93,90,1.99,overcast clouds
349,Shingu,JP,2021-11-06 16:57:13,33.7333,135.9833,59.63,78,100,9.73,light rain
350,Road Town,VG,2021-11-06 16:57:13,18.4167,-64.6167,86.04,70,40,10.36,scattered clouds
351,Tenenkou,ML,2021-11-06 16:57:14,14.4572,-4.9169,99.46,14,68,3.83,broken clouds
352,Broome,US,2021-11-06 16:57:14,42.2506,-75.833,50.05,55,6,1.99,clear sky
353,Soe,ID,2021-11-06 16:57:15,-9.8607,124.284,69.58,90,29,3.0,scattered clouds
354,Kharan,PK,2021-11-06 16:55:12,28.5833,65.4167,66.25,30,0,2.17,clear sky
355,Dwarka,IN,2021-11-06 16:57:16,22.2394,68.9678,80.89,52,54,13.8,broken clouds
356,Visnes,NO,2021-11-06 16:57:16,59.3556,5.2242,49.21,93,75,13.8,light rain
357,Zharkent,KZ,2021-11-06 16:57:17,44.1628,80.0,26.96,32,0,2.62,clear sky
358,Aswan,EG,2021-11-06 16:57:17,24.0934,32.907,92.5,17,0,6.91,clear sky
359,Deputatskiy,RU,2021-11-06 16:57:18,69.3,139.9,-0.74,84,100,18.99,overcast clouds
360,Haines Junction,CA,2021-11-06 16:57:18,60.7522,-137.5108,17.55,93,100,0.0,overcast clouds
361,Smithers,CA,2021-11-06 16:57:19,54.7804,-127.1743,28.72,93,20,4.61,few clouds
362,Urucara,BR,2021-11-06 16:57:20,-2.5364,-57.76,96.04,39,72,2.28,moderate rain
363,Dudinka,RU,2021-11-06 16:57:20,69.4058,86.1778,15.22,93,100,24.54,light snow
364,Flinders,AU,2021-11-06 16:55:52,-34.5833,150.8552,67.28,89,57,1.01,broken clouds
365,Elin Pelin,BG,2021-11-06 16:57:21,42.6667,23.6,66.45,82,0,2.3,clear sky
366,Spirit River,CA,2021-11-06 16:57:22,55.7833,-118.8361,35.74,63,6,8.08,clear sky
367,Pizhanka,RU,2021-11-06 16:57:22,57.4604,48.542,45.86,87,100,17.25,light rain
368,Gizo,SB,2021-11-06 16:57:23,-8.103,156.8419,81.66,74,27,5.68,scattered clouds
369,Pandan,PH,2021-11-06 16:57:23,14.0453,124.1694,79.83,90,87,8.9,overcast clouds
370,Itapira,BR,2021-11-06 16:57:24,-22.4361,-46.8217,85.5,28,92,6.55,overcast clouds
371,Hofn,IS,2021-11-06 16:57:24,64.2539,-15.2082,38.08,90,100,16.24,moderate rain
372,Kolpashevo,RU,2021-11-06 16:57:25,58.3131,82.9089,29.5,92,100,13.11,overcast clouds
373,At-Bashi,KG,2021-11-06 16:57:25,41.1702,75.8106,17.02,63,0,7.09,clear sky
374,Bandarbeyla,SO,2021-11-06 16:57:26,9.4942,50.8122,77.61,72,33,12.17,scattered clouds
375,Madang,PG,2021-11-06 16:57:26,-5.2246,145.7966,75.31,88,94,3.2,overcast clouds
376,Rio Grande,BR,2021-11-06 16:53:21,-32.035,-52.0986,66.31,66,96,17.81,overcast clouds
377,Brigantine,US,2021-11-06 16:57:27,39.4101,-74.3646,57.04,57,90,12.71,overcast clouds
378,Canto Do Buriti,BR,2021-11-06 16:57:28,-8.11,-42.9444,89.92,47,45,0.76,scattered clouds
379,Tosya,TR,2021-11-06 16:57:28,41.0155,34.0401,57.99,43,13,3.31,few clouds
380,Shakawe,BW,2021-11-06 16:57:29,-18.3667,21.85,87.3,26,83,4.68,broken clouds
381,Ixtapa,MX,2021-11-06 16:57:29,20.7,-105.2,81.23,78,3,5.99,clear sky
382,Arlit,NE,2021-11-06 16:57:30,18.7369,7.3853,90.3,11,0,7.34,clear sky
383,Kyshtovka,RU,2021-11-06 16:57:30,56.555,76.6271,30.92,88,99,14.9,overcast clouds
384,Laguna,US,2021-11-06 16:57:31,38.421,-121.4238,60.13,91,1,5.75,clear sky
385,Bengkulu,ID,2021-11-06 16:57:31,-3.8004,102.2655,76.23,92,98,9.31,overcast clouds
386,Andros Town,BS,2021-11-06 16:57:32,24.7,-77.7667,75.16,73,99,17.38,light rain
387,Taoudenni,ML,2021-11-06 16:57:32,22.6783,-3.9836,87.94,13,0,7.36,clear sky
388,Lander,US,2021-11-06 16:57:33,42.833,-108.7307,59.97,28,67,3.65,broken clouds
389,Faanui,PF,2021-11-06 16:54:21,-16.4833,-151.75,79.9,69,19,5.06,few clouds
390,Seoul,KR,2021-11-06 16:57:34,37.5683,126.9778,53.04,84,1,2.3,clear sky
391,Pevek,RU,2021-11-06 16:57:35,69.7008,170.3133,-5.03,89,90,7.65,overcast clouds
392,Fare,PF,2021-11-06 16:57:35,-16.7,-151.0167,78.98,72,27,5.64,light rain
393,Taltal,CL,2021-11-06 16:57:36,-25.4,-70.4833,66.67,63,7,9.62,clear sky
394,Ca Mau,VN,2021-11-06 16:57:36,9.1769,105.15,76.8,94,99,4.07,overcast clouds
395,Darab,IR,2021-11-06 16:57:37,28.7519,54.5444,64.02,52,63,4.94,broken clouds
396,Lavrentiya,RU,2021-11-06 16:57:37,65.5833,-171.0,3.67,81,29,8.34,scattered clouds
397,Praia Da Vitoria,PT,2021-11-06 16:57:38,38.7333,-27.0667,73.76,83,40,21.68,scattered clouds
398,Ankang,CN,2021-11-06 16:57:38,32.68,109.0172,40.84,84,100,4.79,light rain
399,Zhezkazgan,KZ,2021-11-06 16:57:39,47.8043,67.7144,29.5,19,1,5.14,clear sky
400,Kundiawa,PG,2021-11-06 16:57:39,-6.0167,144.9667,62.08,97,89,2.73,overcast clouds
401,Atagay,RU,2021-11-06 16:57:40,55.1033,99.3875,27.75,77,100,6.38,overcast clouds
402,Bilma,NE,2021-11-06 16:57:40,18.6853,12.9164,85.42,12,4,4.92,clear sky
403,Lanzhou,CN,2021-11-06 16:57:41,36.0564,103.7922,20.48,64,96,4.14,overcast clouds
404,Puerto El Triunfo,SV,2021-11-06 16:57:41,13.2833,-88.55,89.76,53,38,0.51,scattered clouds
405,Beyneu,KZ,2021-11-06 16:57:42,45.3167,55.2,39.22,47,0,13.13,clear sky
406,Ouango,CF,2021-11-06 16:57:42,4.3133,22.5552,76.5,84,88,6.26,light rain
407,Igarka,RU,2021-11-06 16:57:43,67.4667,86.5833,16.63,94,100,21.09,light snow
408,Igrim,RU,2021-11-06 16:57:43,63.1906,64.4162,38.28,89,100,14.83,overcast clouds
409,Vavoua,CI,2021-11-06 16:57:44,7.3819,-6.4778,87.15,56,46,4.47,scattered clouds
410,Lujan,AR,2021-11-06 16:57:44,-34.5703,-59.105,73.22,48,36,4.0,scattered clouds
411,Tieling,CN,2021-11-06 16:57:45,42.2931,123.8414,31.06,55,100,14.85,overcast clouds
412,La Ronge,CA,2021-11-06 16:57:45,55.1001,-105.2842,37.65,93,90,3.44,light intensity drizzle
413,Raudeberg,NO,2021-11-06 16:57:46,61.9875,5.1352,43.47,72,100,8.01,overcast clouds
414,Abidjan,CI,2021-11-06 16:57:46,5.3094,-4.0197,82.36,83,20,8.05,few clouds
415,Coihaique,CL,2021-11-06 16:54:58,-45.5752,-72.0662,66.81,30,0,10.36,clear sky
416,Araouane,ML,2021-11-06 16:57:47,18.9048,-3.5265,91.89,14,70,8.05,broken clouds
417,Victoria,HK,2021-11-06 16:55:15,22.2855,114.1577,79.32,85,17,3.0,light rain
418,Mountain Home,US,2021-11-06 16:57:48,43.133,-115.6912,49.95,100,75,4.61,broken clouds
419,Jiwani,PK,2021-11-06 16:57:49,25.05,61.7417,79.21,66,0,9.62,clear sky
420,Moroni,KM,2021-11-06 16:57:49,-11.7022,43.2551,82.4,78,20,2.3,few clouds
421,Inhambane,MZ,2021-11-06 16:57:50,-23.865,35.3833,77.0,88,40,11.99,scattered clouds
422,Ola,RU,2021-11-06 16:57:50,59.5833,151.2833,35.15,91,100,12.24,overcast clouds
423,Fort Nelson,CA,2021-11-06 16:57:51,58.8053,-122.7002,31.59,93,90,3.44,snow
424,Ingham,US,2021-11-06 16:57:51,42.6,-84.3833,52.16,55,40,10.36,scattered clouds
425,Boende,CD,2021-11-06 16:57:52,-0.2167,20.8667,78.17,72,46,2.01,scattered clouds
426,Axim,GH,2021-11-06 16:57:52,4.8699,-2.2405,81.37,76,90,7.25,overcast clouds
427,Nchelenge,ZM,2021-11-06 16:57:53,-9.3451,28.734,80.53,48,40,3.2,scattered clouds
428,Darlowo,PL,2021-11-06 16:56:09,54.421,16.4107,47.95,85,100,21.63,overcast clouds
429,Pisco,PE,2021-11-06 16:57:54,-13.7,-76.2167,70.02,82,0,10.36,clear sky
430,Mingyue,CN,2021-11-06 16:57:54,43.1069,128.9217,36.79,85,100,3.74,moderate rain
431,Matamoros,MX,2021-11-06 16:57:55,25.5333,-103.25,68.11,37,15,2.71,few clouds
432,Brazzaville,CG,2021-11-06 16:57:56,-4.2658,15.2832,78.22,85,100,2.98,light rain
433,San Quintin,MX,2021-11-06 16:57:56,30.4833,-115.95,68.09,71,0,7.99,clear sky
434,Iskateley,RU,2021-11-06 16:57:57,67.6803,53.1512,33.89,98,100,9.4,overcast clouds
435,Maloy,NO,2021-11-06 16:57:57,61.9353,5.1136,44.33,72,100,8.01,overcast clouds
436,Galveston,US,2021-11-06 16:57:58,29.3669,-94.9669,66.06,66,0,3.0,clear sky
437,Maarianhamina,AX,2021-11-06 16:57:58,60.0973,19.9348,40.86,70,20,10.36,few clouds
438,Komsomolskiy,UZ,2021-11-06 16:57:59,40.4272,71.7189,38.12,65,75,6.91,haze
439,Krasnoyarskiy,RU,2021-11-06 16:57:59,51.965,59.8967,29.07,27,100,13.73,overcast clouds
440,Chervona Sloboda,UA,2021-11-06 16:58:00,49.3789,32.1464,46.96,67,38,7.47,scattered clouds
441,Khandyga,RU,2021-11-06 16:58:00,62.6667,135.6,-3.33,98,98,3.67,overcast clouds
442,Opuwo,NA,2021-11-06 16:58:01,-18.0607,13.84,89.96,16,100,11.32,overcast clouds
443,Zhuanghe,CN,2021-11-06 16:58:01,39.7008,122.9911,44.17,63,90,9.84,light rain
444,Plakhtiyivka,UA,2021-11-06 16:58:02,46.1006,29.7217,54.1,51,98,8.12,overcast clouds
445,Puerto Escondido,MX,2021-11-06 16:58:03,15.85,-97.0667,85.03,65,1,5.75,clear sky
446,Lazaro Cardenas,MX,2021-11-06 16:58:03,17.9583,-102.2,82.92,69,96,2.21,overcast clouds
447,Kasama,ZM,2021-11-06 16:58:04,-10.2129,31.1808,78.12,23,70,4.47,broken clouds
448,Guarapari,BR,2021-11-06 16:58:04,-20.6667,-40.4975,78.69,73,55,6.73,broken clouds
449,Itoman,JP,2021-11-06 16:58:05,26.1247,127.6694,75.58,83,75,14.97,broken clouds
450,Kyakhta,RU,2021-11-06 16:58:05,50.3508,106.4494,14.18,51,85,3.76,overcast clouds
451,Upernavik,GL,2021-11-06 16:58:06,72.7868,-56.1549,12.87,81,11,9.28,few clouds
452,Tra Vinh,VN,2021-11-06 16:58:06,9.9347,106.3453,77.65,92,74,4.27,broken clouds
453,Yilan,TW,2021-11-06 16:58:07,24.757,121.753,77.83,99,72,2.91,broken clouds
454,Neiafu,TO,2021-11-06 16:58:07,-18.65,-173.9833,77.68,83,75,5.75,broken clouds
455,Nouadhibou,MR,2021-11-06 16:58:08,20.931,-17.0347,68.22,77,0,21.68,clear sky
456,Abu Dhabi,AE,2021-11-06 16:56:16,24.4667,54.3667,82.51,65,0,6.91,clear sky
457,Kongolo,CD,2021-11-06 16:58:08,-5.3833,27.0,76.73,71,78,1.68,broken clouds
458,Gilbues,BR,2021-11-06 16:58:09,-9.8317,-45.3439,79.27,74,79,5.03,broken clouds
459,Hearst,CA,2021-11-06 16:57:02,49.6835,-83.6665,48.45,76,66,11.36,broken clouds
460,Ngunguru,NZ,2021-11-06 16:58:10,-35.6167,174.5,55.17,94,25,3.22,scattered clouds
461,Palmer,US,2021-11-06 16:54:34,42.1584,-72.3287,51.67,51,0,1.01,clear sky
462,Santiago De Cuba,CU,2021-11-06 16:58:10,20.0247,-75.8219,86.52,59,89,5.88,overcast clouds
463,Husavik,IS,2021-11-06 16:58:11,66.0449,-17.3389,33.71,95,100,12.77,light rain
464,Jumla,NP,2021-11-06 16:58:11,29.2747,82.1838,41.76,48,15,4.85,few clouds
465,Namibe,AO,2021-11-06 16:58:12,-15.1961,12.1522,71.4,79,96,12.93,light rain
466,Namatanai,PG,2021-11-06 16:58:12,-3.6667,152.4333,78.58,76,59,8.97,broken clouds
467,Caucaia,BR,2021-11-06 16:57:52,-3.7361,-38.6531,91.08,69,20,14.97,few clouds
468,Hovd,MN,2021-11-06 16:58:13,48.0056,91.6419,15.73,33,42,2.01,scattered clouds
469,Mandalgovi,MN,2021-11-06 16:58:14,45.7625,106.2708,11.28,64,0,11.83,clear sky
470,Sawtell,AU,2021-11-06 16:58:14,-30.3833,153.1,66.22,85,94,9.22,overcast clouds
471,Havoysund,NO,2021-11-06 16:58:15,70.9963,24.6622,34.68,62,100,18.41,overcast clouds
472,Sabang,ID,2021-11-06 16:58:15,5.8933,95.3214,79.54,81,95,1.92,moderate rain
473,High Level,CA,2021-11-06 16:58:17,58.5169,-117.136,32.11,100,90,0.0,light snow
474,Sokoni,TZ,2021-11-06 16:58:17,-6.4333,39.55,84.06,78,31,13.6,scattered clouds
475,Waipawa,NZ,2021-11-06 16:58:18,-41.4122,175.5153,54.03,98,100,2.75,overcast clouds
476,Sao Filipe,CV,2021-11-06 16:49:39,14.8961,-24.4956,80.94,69,33,10.0,scattered clouds
477,Kutum,SD,2021-11-06 16:49:30,14.2,24.6667,79.43,21,3,9.33,clear sky
478,Cervo,ES,2021-11-06 16:58:19,43.6702,-7.4101,56.97,69,19,8.25,few clouds
479,Hashtrud,IR,2021-11-06 16:58:19,37.4779,47.0508,43.27,45,0,2.44,clear sky
480,Natal,BR,2021-11-06 16:58:20,-5.795,-35.2094,88.45,62,75,11.5,broken clouds
481,Harper,LR,2021-11-06 16:58:20,4.375,-7.7169,81.16,76,99,6.8,overcast clouds
482,Warah,PK,2021-11-06 16:58:21,27.4481,67.7978,76.87,22,0,3.58,clear sky
483,Ipixuna,BR,2021-11-06 16:58:21,-1.7625,-48.8043,87.75,64,100,5.68,overcast clouds
484,Khudumelapye,BW,2021-11-06 16:58:22,-23.8833,24.75,81.19,36,88,12.73,light rain
485,Labuhan,ID,2021-11-06 16:58:22,-6.8844,112.2051,83.01,72,93,3.78,overcast clouds
486,Palauig,PH,2021-11-06 16:58:23,15.435,119.9045,80.92,82,29,5.91,scattered clouds
487,Bodden Town,KY,2021-11-06 16:58:23,19.2833,-81.25,78.8,90,40,3.0,scattered clouds
488,Yaan,NG,2021-11-06 16:58:24,7.3833,8.5667,83.44,66,94,5.12,light rain
489,Orocue,CO,2021-11-06 16:58:24,4.7912,-71.3354,90.7,48,100,11.39,overcast clouds
490,Bogo,PH,2021-11-06 16:58:25,11.0517,124.0055,80.69,82,98,7.43,overcast clouds
491,San Francisco,US,2021-11-06 16:55:24,37.7749,-122.4194,59.67,89,75,1.01,broken clouds
492,Brae,GB,2021-11-06 16:58:25,60.3964,-1.353,51.71,92,100,29.62,overcast clouds
493,Bam,IR,2021-11-06 16:58:26,29.106,58.357,60.28,35,6,7.14,clear sky
494,Belyy,RU,2021-11-06 16:58:26,55.8402,32.9419,43.45,86,100,13.53,moderate rain
495,Mexico,PH,2021-11-06 16:58:27,15.0646,120.7198,84.22,87,21,4.16,few clouds
496,Sabla,NG,2021-11-06 16:58:27,12.7525,4.7077,91.24,13,17,8.63,few clouds
497,Leshan,CN,2021-11-06 16:58:28,29.5623,103.7639,48.22,70,100,2.95,light rain
498,Pangnirtung,CA,2021-11-06 16:58:28,66.1451,-65.7125,24.8,46,75,12.66,broken clouds
499,Abdulino,RU,2021-11-06 16:58:29,53.7,53.6667,35.69,35,100,22.62,overcast clouds
500,Cayenne,GF,2021-11-06 16:58:29,4.9333,-52.3333,86.04,80,20,7.0,few clouds
501,Lohja,FI,2021-11-06 16:58:30,60.2486,24.0653,38.52,92,44,8.59,scattered clouds
502,Victoria Point,AU,2021-11-06 16:58:31,-27.5833,153.3,69.76,89,90,4.76,overcast clouds
503,Erzin,TR,2021-11-06 16:58:31,36.9559,36.2,63.12,36,0,3.71,clear sky
504,Carutapera,BR,2021-11-06 16:58:32,-1.195,-46.02,88.74,56,70,8.9,broken clouds
505,Tavira,PT,2021-11-06 16:58:32,37.1273,-7.6486,64.18,30,0,11.54,clear sky
506,Lagos,NG,2021-11-06 16:57:32,6.5833,3.75,88.12,82,88,7.34,overcast clouds
507,Camana,PE,2021-11-06 16:58:33,-16.6228,-72.7111,68.94,74,83,10.56,broken clouds
508,Two Rivers,US,2021-11-06 16:58:33,44.1539,-87.5693,57.16,63,1,4.0,clear sky
509,Manggar,ID,2021-11-06 16:58:34,-2.8833,108.2667,80.13,82,99,2.75,moderate rain
510,Vostok,RU,2021-11-06 16:58:34,46.4856,135.8833,16.7,88,100,3.29,overcast clouds
511,Hualmay,PE,2021-11-06 16:58:35,-11.0964,-77.6139,69.66,72,60,10.63,broken clouds
512,Kutahya,TR,2021-11-06 16:58:35,39.4242,29.9833,58.57,47,58,3.56,broken clouds
513,Sovetskiy,RU,2021-11-06 16:58:36,61.3614,63.5842,36.1,91,100,13.62,overcast clouds
514,Fairbanks,US,2021-11-06 16:58:36,64.8378,-147.7164,26.56,74,75,3.44,broken clouds
515,Choya,RU,2021-11-06 16:58:37,52.0108,86.5467,20.57,96,100,0.87,overcast clouds
516,Popondetta,PG,2021-11-06 16:58:37,-8.7537,148.2534,74.23,92,25,2.33,scattered clouds
517,Ajdabiya,LY,2021-11-06 16:58:38,30.7554,20.2263,78.53,29,2,8.41,clear sky
518,Ciechocinek,PL,2021-11-06 16:58:38,52.8791,18.7951,49.75,87,98,12.77,overcast clouds
519,Xinzhi,CN,2021-11-06 16:58:38,36.4989,111.7047,30.72,88,100,12.08,light snow
520,Jalu,LY,2021-11-06 16:58:39,29.0331,21.5482,77.04,29,0,7.11,clear sky
521,Honiara,SB,2021-11-06 16:58:40,-9.4333,159.95,76.64,88,12,4.61,few clouds
522,Grand Gaube,MU,2021-11-06 16:55:08,-20.0064,57.6608,76.37,76,34,5.01,scattered clouds
523,Vanimo,PG,2021-11-06 16:58:40,-2.6741,141.3028,76.78,90,71,4.68,broken clouds
524,Edea,CM,2021-11-06 16:58:41,3.8,10.1333,77.52,94,88,4.03,moderate rain
525,Orumiyeh,IR,2021-11-06 16:58:19,37.5527,45.0761,44.15,65,0,6.91,clear sky
526,Anadyr,RU,2021-11-06 16:58:42,64.75,177.4833,10.9,79,90,11.18,light shower snow
527,Pingliang,CN,2021-11-06 16:58:42,35.5392,106.6861,21.43,55,100,17.47,overcast clouds
528,Teya,RU,2021-11-06 16:58:43,60.3778,92.6267,24.06,91,98,9.31,overcast clouds
529,Laramie,US,2021-11-06 16:58:44,41.3114,-105.5911,59.09,18,74,5.01,broken clouds
530,Cahir,IE,2021-11-06 16:58:45,52.3769,-7.9217,57.11,86,100,15.59,overcast clouds
531,Candolim,IN,2021-11-06 16:58:45,15.5181,73.7626,80.6,89,75,3.44,broken clouds
532,Yatou,CN,2021-11-06 16:58:46,37.15,122.3833,56.59,80,19,4.61,light rain
533,Winsum,NL,2021-11-06 16:58:46,53.33,6.5208,51.98,60,100,22.97,overcast clouds
534,Rayong,TH,2021-11-06 16:58:47,12.8333,101.4333,81.03,99,80,2.04,broken clouds
535,Puerto Cabezas,NI,2021-11-06 16:58:47,14.0351,-83.3888,85.96,79,75,11.5,broken clouds
536,Malanje,AO,2021-11-06 16:58:47,-9.5402,16.341,74.86,61,38,5.21,scattered clouds
537,Venice,US,2021-11-06 16:56:58,27.0998,-82.4543,72.0,80,90,10.0,overcast clouds
538,Buedu,SL,2021-11-06 16:58:48,8.2803,-10.3719,81.37,75,30,4.21,light rain
539,Qaqortoq,GL,2021-11-06 16:58:49,60.7167,-46.0333,28.27,84,100,10.02,overcast clouds
540,Botucatu,BR,2021-11-06 16:58:49,-22.8858,-48.445,87.55,33,89,3.33,overcast clouds
541,Nara,JP,2021-11-06 16:58:50,34.6851,135.8049,60.08,53,100,2.64,overcast clouds
542,Tepalcatepec,MX,2021-11-06 16:58:50,19.1833,-102.85,81.3,61,100,1.7,overcast clouds
543,Preobrazheniye,RU,2021-11-06 16:58:51,42.9019,133.9064,47.17,84,86,8.12,overcast clouds
544,Baie-Comeau,CA,2021-11-06 16:58:51,49.2168,-68.1489,49.1,61,75,21.85,broken clouds
545,Silivri,TR,2021-11-06 16:58:52,41.0802,28.226,60.85,90,94,19.1,overcast clouds
546,Davila,PH,2021-11-06 16:58:52,18.4726,120.5763,80.96,81,7,6.31,clear sky
547,Halifax,CA,2021-11-06 16:55:52,44.6453,-63.5724,50.68,50,1,3.0,clear sky
548,Chimore,BO,2021-11-06 16:58:53,-16.9833,-65.1333,64.22,94,100,3.44,light rain
549,Kaeo,NZ,2021-11-06 16:58:53,-35.1,173.7833,55.33,96,21,3.49,few clouds
550,Kloulklubed,PW,2021-11-06 16:58:54,7.0419,134.2556,84.25,74,85,8.48,overcast clouds
551,Koslan,RU,2021-11-06 16:58:55,63.4564,48.8989,40.08,91,100,9.42,overcast clouds
552,Cockburn Town,TC,2021-11-06 16:54:30,21.4612,-71.1419,85.96,66,40,10.36,scattered clouds
553,Bjorkelangen,NO,2021-11-06 16:58:55,59.8848,11.5694,41.83,74,100,3.53,overcast clouds
554,Valle De Allende,MX,2021-11-06 16:58:56,26.9333,-105.4,69.19,39,36,5.19,scattered clouds
555,Waterloo,CA,2021-11-06 16:55:01,43.4668,-80.5164,51.31,69,90,8.01,overcast clouds
556,Kananga,CD,2021-11-06 16:58:57,-5.8958,22.4178,78.69,62,67,4.36,broken clouds
557,Burnie,AU,2021-11-06 16:58:57,-41.0667,145.9167,52.39,86,79,12.33,broken clouds
558,Salta,AR,2021-11-06 16:58:58,-24.7859,-65.4117,68.29,59,75,12.66,broken clouds
559,Ilhabela,BR,2021-11-06 16:58:58,-23.7781,-45.3581,74.07,74,76,5.28,broken clouds
560,La Palma,US,2021-11-06 16:49:50,33.8464,-118.0467,71.11,88,90,1.01,mist
561,Sioux Lookout,CA,2021-11-06 16:49:49,50.1001,-91.917,46.47,81,90,6.91,haze
562,Pochutla,MX,2021-11-06 16:58:59,15.7432,-96.4661,85.82,53,79,4.99,broken clouds
563,Orkney,ZA,2021-11-06 16:59:00,-26.9802,26.6727,84.96,17,74,6.29,broken clouds
564,Makakilo City,US,2021-11-06 16:59:00,21.3469,-158.0858,75.56,77,90,0.0,overcast clouds
565,Saint-Georges,GD,2021-11-06 16:59:01,12.0564,-61.7485,87.48,66,20,19.57,few clouds
566,Hastings,GB,2021-11-06 16:59:01,50.8552,0.5729,55.15,77,89,24.76,overcast clouds
567,Bafq,IR,2021-11-06 16:59:02,31.6128,55.4107,54.66,34,42,7.65,scattered clouds
568,Minuri,PH,2021-11-06 16:59:03,16.535,121.8574,73.89,90,75,1.52,broken clouds
569,Alugan,PH,2021-11-06 16:59:04,12.2188,125.4808,80.85,86,100,12.26,overcast clouds
570,Ormara,PK,2021-11-06 16:59:04,25.2088,64.6357,79.27,57,0,5.26,clear sky
571,Bowen,AU,2021-11-06 16:59:05,-20.0167,148.2333,68.22,70,81,12.15,broken clouds
572,Cherdyn,RU,2021-11-06 16:59:05,60.403,56.4787,36.09,96,100,12.17,overcast clouds
573,Abadan,IR,2021-11-06 16:59:06,30.3392,48.3043,78.75,47,0,2.3,clear sky
574,Nemuro,JP,2021-11-06 16:59:06,43.3236,145.575,48.79,75,47,13.76,scattered clouds
575,Moose Factory,CA,2021-11-06 16:59:07,51.2585,-80.6094,50.0,62,1,17.27,clear sky
576,Horsham,GB,2021-11-06 16:59:08,51.064,-0.3272,55.11,68,40,11.5,scattered clouds
577,Amapa,BR,2021-11-06 16:59:09,1.0,-52.0,83.64,70,66,1.16,broken clouds
578,Moree,AU,2021-11-06 16:59:09,-29.4667,149.85,66.22,72,89,13.8,overcast clouds
579,Mattru,SL,2021-11-06 16:59:10,7.6244,-11.8332,80.53,88,71,4.25,light rain
580,Shalakusha,RU,2021-11-06 16:59:10,62.2247,40.2539,39.38,94,100,7.54,overcast clouds
581,Cooma,AU,2021-11-06 16:59:11,-36.2333,149.1333,53.37,93,75,8.05,broken clouds
582,Kovdor,RU,2021-11-06 16:59:11,67.5662,30.4758,27.37,98,99,3.22,overcast clouds
583,Emba,KZ,2021-11-06 16:59:12,48.8264,58.1442,32.05,22,25,7.16,scattered clouds
584,Nampula,MZ,2021-11-06 16:55:07,-15.1165,39.2666,89.55,35,0,10.36,clear sky
585,Murupara,NZ,2021-11-06 16:59:13,-38.4667,176.7,55.27,90,99,2.95,overcast clouds
586,Quang Ngai,VN,2021-11-06 16:56:55,15.1167,108.8,73.9,91,18,3.11,few clouds
587,Naravarikuppam,IN,2021-11-06 16:59:14,13.1956,80.1742,76.89,90,61,7.9,light rain
588,Baft,IR,2021-11-06 16:59:14,29.234,56.6057,48.65,65,91,7.61,overcast clouds
589,Eidfjord,NO,2021-11-06 16:59:15,60.4675,7.0719,43.43,94,100,5.55,overcast clouds
590,Danielskuil,ZA,2021-11-06 16:59:15,-28.1887,23.5395,74.07,16,19,17.81,few clouds
591,Shahpura,IN,2021-11-06 16:59:16,27.3833,75.9667,67.33,33,72,3.33,broken clouds
592,Praya,CV,2021-11-06 16:59:17,14.9215,-23.5087,86.54,51,0,18.41,clear sky
593,Belmonte,BR,2021-11-06 16:59:17,-15.8631,-38.8828,82.4,84,77,9.8,broken clouds
594,Varhaug,NO,2021-11-06 16:59:18,58.6147,5.6457,48.88,89,100,18.66,moderate rain
595,Phalaborwa,ZA,2021-11-06 16:59:18,-23.943,31.1411,92.48,40,45,11.95,scattered clouds
596,Suchiapa,MX,2021-11-06 16:59:19,16.6167,-93.0833,78.96,58,71,3.56,broken clouds
597,El Campo,US,2021-11-06 16:59:19,29.1966,-96.2697,65.79,55,1,5.75,clear sky
598,Muscat,OM,2021-11-06 16:59:20,23.6139,58.5922,80.28,52,1,11.77,clear sky
599,Port Hawkesbury,CA,2021-11-06 16:59:20,45.6169,-61.3485,49.59,54,1,7.0,clear sky
600,Westport,US,2021-11-06 16:59:21,41.1415,-73.3579,54.91,49,1,3.0,clear sky
601,Sao Joao Da Barra,BR,2021-11-06 16:59:21,-21.6403,-41.0511,80.69,67,90,10.76,overcast clouds
602,Puerto Del Rosario,ES,2021-11-06 16:59:22,28.5004,-13.8627,71.35,60,20,25.32,few clouds
603,Sao Domingos,BR,2021-11-06 16:59:22,-13.3983,-46.3183,84.49,53,86,4.94,overcast clouds
604,Kachiry,KZ,2021-11-06 16:59:23,53.0675,76.1036,30.92,67,100,11.05,overcast clouds
605,Viedma,AR,2021-11-06 16:59:23,-40.8135,-62.9967,76.3,13,80,12.57,broken clouds
606,Andenes,NO,2021-11-06 16:59:24,69.3143,16.1194,38.07,93,75,3.44,broken clouds
607,Yurgamysh,RU,2021-11-06 16:59:24,55.3714,64.4656,32.58,57,100,14.85,overcast clouds
608,Iroquois Falls,CA,2021-11-06 16:59:25,48.7669,-80.6831,46.54,71,99,11.72,overcast clouds
609,Kupang,ID,2021-11-06 16:59:25,-10.1667,123.5833,80.76,82,30,4.25,scattered clouds
610,Coruripe,BR,2021-11-06 16:59:26,-10.1256,-36.1756,86.13,60,82,16.71,broken clouds
611,San Policarpo,PH,2021-11-06 16:59:26,12.1791,125.5072,81.46,84,100,13.29,overcast clouds
612,Santiago Del Estero,AR,2021-11-06 16:59:26,-27.7951,-64.2615,58.46,54,100,8.01,overcast clouds
613,Guararema,BR,2021-11-06 16:59:27,-23.415,-46.035,84.34,42,70,6.42,broken clouds
614,Mackay,AU,2021-11-06 16:57:17,-21.15,149.2,73.38,83,27,4.61,scattered clouds
615,Kungurtug,RU,2021-11-06 16:59:28,50.5994,97.5228,1.8,95,93,1.07,overcast clouds
616,Virginia Beach,US,2021-11-06 16:55:25,36.8529,-75.978,58.01,88,100,7.0,light rain
617,Matagami,CA,2021-11-06 16:59:29,49.7502,-77.6328,44.71,76,75,13.8,broken clouds
618,Faya,SA,2021-11-06 16:59:29,18.3851,42.4509,64.51,63,8,3.38,clear sky
619,Price,US,2021-11-06 16:59:30,39.5994,-110.8107,51.4,39,41,3.13,scattered clouds
620,Sinop,TR,2021-11-06 16:59:30,41.7711,34.8709,56.82,52,64,2.64,broken clouds
621,Kuala Terengganu,MY,2021-11-06 16:59:31,5.3302,103.1408,80.55,94,40,3.44,scattered clouds
622,Winter Garden,US,2021-11-06 16:57:58,28.5653,-81.5862,65.82,85,95,5.99,overcast clouds
623,Bagli,IN,2021-11-06 16:59:31,22.65,76.35,64.9,43,93,4.94,overcast clouds
624,Caconda,AO,2021-11-06 16:59:32,-13.7333,15.0667,67.86,67,88,5.79,light rain
625,Dergachi,RU,2021-11-06 16:59:32,51.2328,48.7659,42.98,34,100,19.64,overcast clouds
626,Grand-Lahou,CI,2021-11-06 16:59:33,5.1367,-5.0242,81.82,77,100,7.83,overcast clouds
627,Mangaratiba,BR,2021-11-06 16:59:33,-22.9597,-44.0406,79.66,72,83,6.24,broken clouds
628,Leh,IN,2021-11-06 16:59:34,34.1667,77.5833,21.45,63,2,2.51,clear sky
629,Salalah,OM,2021-11-06 16:59:34,17.0151,54.0924,77.29,72,28,1.23,scattered clouds
630,Bojnurd,IR,2021-11-06 16:58:53,37.4747,57.329,44.55,81,75,4.61,broken clouds
631,West Plains,US,2021-11-06 16:59:36,36.7281,-91.8524,58.21,49,0,1.99,clear sky
632,Kirksville,US,2021-11-06 16:59:36,40.1948,-92.5833,56.59,62,0,12.33,clear sky
633,Juba,SS,2021-11-06 16:59:37,4.8517,31.5825,82.27,50,76,7.36,broken clouds
634,Poso,ID,2021-11-06 16:59:37,-1.3959,120.7524,77.74,87,92,4.56,overcast clouds
635,Dumabato,PH,2021-11-06 16:59:37,16.3167,121.7,71.96,93,66,0.04,broken clouds
636,Colchester,GB,2021-11-06 16:56:58,51.8892,0.9042,55.29,75,86,20.31,overcast clouds
637,Talnakh,RU,2021-11-06 16:59:38,69.4865,88.3972,11.53,94,100,14.63,light snow
638,Kui Buri,TH,2021-11-06 16:59:39,12.0828,99.8543,80.6,84,98,2.35,overcast clouds
639,Bone,DE,2021-11-06 16:59:39,51.9669,12.1396,49.71,82,90,11.54,overcast clouds
640,Alexandria,EG,2021-11-06 16:59:40,31.2156,29.9553,75.16,64,20,9.22,few clouds
641,Werdohl,DE,2021-11-06 16:59:40,51.2667,7.7667,48.61,90,99,3.0,overcast clouds
642,Ottumwa,US,2021-11-06 16:59:41,41.02,-92.4113,57.88,66,0,1.99,clear sky
643,Ha Giang,VN,2021-11-06 16:59:41,22.8333,104.9833,75.15,99,76,2.19,broken clouds
644,Belaya,UA,2021-11-06 16:59:42,49.029,25.7706,45.99,64,3,5.73,clear sky
645,Marinette,US,2021-11-06 16:59:42,45.1,-87.6307,55.15,59,18,17.56,few clouds
646,Port Moresby,PG,2021-11-06 16:55:57,-9.4431,147.1797,76.69,91,13,1.72,few clouds
647,Bagdarin,RU,2021-11-06 16:59:43,54.4333,113.6,7.59,78,84,2.95,broken clouds
648,Comodoro Rivadavia,AR,2021-11-06 16:59:43,-45.8667,-67.5,84.06,11,0,16.11,clear sky
649,Rawson,AR,2021-11-06 16:59:44,-43.3002,-65.1023,77.25,19,97,25.46,overcast clouds
650,Kalmunai,LK,2021-11-06 16:59:44,7.4167,81.8167,79.34,82,98,3.47,overcast clouds
651,Revelstoke,CA,2021-11-06 16:59:45,50.9832,-118.2023,35.62,100,90,0.0,overcast clouds
652,Ahipara,NZ,2021-11-06 16:59:45,-35.1667,173.1667,56.21,94,11,2.75,few clouds
653,Zhigalovo,RU,2021-11-06 16:59:46,54.8097,105.1578,19.83,94,99,4.59,light snow
654,Tongchuan,CN,2021-11-06 16:59:46,35.0806,109.0897,30.58,69,100,15.84,snow
655,Xichang,CN,2021-11-06 16:59:47,27.8964,102.2634,50.2,84,53,3.15,broken clouds
656,Makkaveyevo,RU,2021-11-06 16:59:47,51.7533,113.9454,14.72,58,1,4.09,clear sky
657,Goiatuba,BR,2021-11-06 16:59:48,-18.0125,-49.3547,91.81,30,75,4.38,broken clouds
658,Roma,US,2021-11-06 16:55:07,43.2128,-75.4557,51.94,59,64,4.72,broken clouds
659,Indianola,US,2021-11-06 16:59:43,41.3581,-93.5574,56.91,68,0,10.89,clear sky
660,Camocim,BR,2021-11-06 16:59:49,-2.9022,-40.8411,87.46,64,36,16.24,scattered clouds
661,Lorengau,PG,2021-11-06 16:59:50,-2.0226,147.2712,81.72,78,59,8.97,broken clouds
662,Hirara,JP,2021-11-06 16:59:50,24.8,125.2833,77.38,74,92,12.37,overcast clouds
663,Benguela,AO,2021-11-06 16:59:51,-12.5763,13.4055,79.5,73,91,4.21,overcast clouds
664,Rafai,CF,2021-11-06 16:59:51,4.95,23.9167,76.33,72,76,1.61,broken clouds
665,Inirida,CO,2021-11-06 16:59:52,3.8653,-67.9239,87.44,66,86,0.69,overcast clouds
666,Storsteinnes,NO,2021-11-06 16:59:52,69.2408,19.2344,35.6,96,100,3.58,overcast clouds
667,Choma,ZM,2021-11-06 16:59:53,-16.8065,26.9531,79.9,23,92,5.93,overcast clouds
668,Shenjiamen,CN,2021-11-06 16:59:53,29.9576,122.298,68.43,85,25,17.09,scattered clouds
669,Goderich,CA,2021-11-06 16:59:54,43.7501,-81.7165,51.03,61,98,13.8,overcast clouds
670,Kalemie,CD,2021-11-06 16:59:54,-5.9475,29.1947,76.05,57,83,2.19,broken clouds
671,Ranfurly,NZ,2021-11-06 16:59:54,-45.1333,170.1,44.64,77,86,2.44,overcast clouds
672,Mount Gambier,AU,2021-11-06 16:59:55,-37.8333,140.7667,51.71,82,90,6.91,overcast clouds
673,Martapura,ID,2021-11-06 16:59:56,-3.4167,114.85,78.89,89,90,2.3,overcast clouds
674,Anahuac,MX,2021-11-06 16:59:56,27.2333,-100.15,66.76,59,0,7.83,clear sky
675,Tupik,RU,2021-11-06 16:59:57,54.4253,119.9327,13.24,50,44,2.51,scattered clouds
676,Redmond,US,2021-11-06 16:57:01,47.674,-122.1215,46.38,88,100,1.01,moderate rain
677,Kilindoni,TZ,2021-11-06 16:59:57,-7.9139,39.6668,80.62,77,54,13.51,broken clouds
678,Magadan,RU,2021-11-06 16:59:58,59.5667,150.8,34.54,92,100,14.94,overcast clouds
